<?xml version="1.0" encoding="UTF-8"?>
<beans xmlns:xsi="http://www.w3.org/2001/XMLSchema-instance"
	xmlns:context="http://www.springframework.org/schema/context" xmlns="http://www.springframework.org/schema/beans"
	xmlns:tx="http://www.springframework.org/schema/tx" xmlns:aop="http://www.springframework.org/schema/aop"
	xsi:schemaLocation="http://www.springframework.org/schema/beans 
	    http://www.springframework.org/schema/beans/spring-beans.xsd
		http://www.springframework.org/schema/context 
		http://www.springframework.org/schema/context/spring-context.xsd
		http://www.springframework.org/schema/tx 
		http://www.springframework.org/schema/tx/spring-tx.xsd
		http://www.springframework.org/schema/aop 
		http://www.springframework.org/schema/aop/spring-aop.xsd">


	<context:component-scan base-package="com.hand">
<!-- 	<context:component-scan base-package="com.meession.education"> -->
		<context:exclude-filter type="annotation"
			expression="org.springframework.stereotype.Controller" />
	</context:component-scan>
    <!--激活注解  -->
	<context:annotation-config />

	<context:property-placeholder location="classpath:env/application.properties" />


	<aop:aspectj-autoproxy />

	<tx:annotation-driven transaction-manager="transactionManager" />

	<tx:advice id="txAdvice" transaction-manager="transactionManager">
		<tx:attributes>
			<tx:method name="load*" propagation="REQUIRED" />
			<tx:method name="find*" propagation="REQUIRED" />
			<tx:method name="list*" propagation="REQUIRED" />
			<tx:method name="search*" propagation="REQUIRED" />
			<tx:method name="check*" propagation="REQUIRED" />
			<tx:method name="create*" propagation="REQUIRED" />
			<tx:method name="add*" propagation="REQUIRED" />
			<tx:method name="save*" propagation="REQUIRED" />
			<tx:method name="update*" propagation="REQUIRED" />
			<tx:method name="delete*" propagation="REQUIRED" />
			<tx:method name="execute*" propagation="REQUIRED" />
			<tx:method name="import*" propagation="REQUIRED" />
		</tx:attributes>
	</tx:advice>
	<!-- <aop:config> <aop:pointcut id="servicePointcut" expression="execution(* 
		com.meession.education.*.service.impl.*Service*.*(..))" /> <aop:advisor advice-ref="txAdvice" 
		pointcut-ref="servicePointcut" /> </aop:config> -->

	<import resource="appconfig-data.xml" />
</beans>