<beans xmlns:xsi="http://www.w3.org/2001/XMLSchema-instance"
	xmlns:mvc="http://www.springframework.org/schema/mvc" xmlns:context="http://www.springframework.org/schema/context"
	xmlns="http://www.springframework.org/schema/beans"
	xsi:schemaLocation="http://www.springframework.org/schema/mvc http://www.springframework.org/schema/mvc/spring-mvc.xsd 
	http://www.springframework.org/schema/beans  http://www.springframework.org/schema/beans/spring-beans.xsd
	http://www.springframework.org/schema/context http://www.springframework.org/schema/context/spring-context.xsd">

	<context:component-scan base-package="com.hand" >
<!-- 	<context:component-scan base-package="com.meession.education" > -->
	</context:component-scan>
	
	<mvc:default-servlet-handler /> 
	<!-- 该 BeanPostProcessor 将自动起作用，对标注 @Autowired 的 Bean 进行自动注入 -->
	<bean
		class="org.springframework.beans.factory.annotation.AutowiredAnnotationBeanPostProcessor" />

	<mvc:annotation-driven />

	<mvc:resources mapping="/resources/**" location="/resources/" />

	<bean id="messageSource"
		class="org.springframework.context.support.ReloadableResourceBundleMessageSource">
		<property name="basenames">
			<list>
				<value>classpath:message/validation</value>
			</list>
		</property>
	</bean>

	<bean class="org.springframework.web.servlet.view.InternalResourceViewResolver">
		<property name="prefix">
			<value>/WEB-INF/views/</value>
		</property>
		<property name="suffix">
			<value>.jsp</value>
		</property>
	</bean>
	
</beans>